2014,Charbonnieres,Franck,Perin,Js,fperin1@cargocollective.com
2021,Remote,Dorsun,Castanho,Js,acastanho3@auda.org.au
2020,Remote,Kinglsey,Musslewhite,Js,kmusslewhite4@tumblr.com
2017,Remote,Loic,Haggerston,Python,fhaggerston7@1und1.de
2016,Remote,Adrien,Eakle,Js,ueakle9@hao123.com
2010,Remote,Lena,Scroyton,Python,sscroytonb@ftc.gov
2019,Charbonnieres,Catherine,Giacovelli,Js,rgiacovellid@pen.io
2008,Charbonnieres,Corentin,Mc Faul,Js,mmcfaule@bloomberg.com
2016,Charbonnieres,David,Daines,Java,gdainesk@meetup.com
2017,Remote,Fazul,Scipsey,PHP,kscipseyl@mediafire.com
2020,Remote,Jean-loup,Dugget,Java,aduggetm@wikia.com
2013,Remote,Philippe,Zettler,Python,czettlero@msu.edu
2008,Remote,Franck,Spennock,PHP,aspennockq@msu.edu
2020,Charbonnieres,Lena,Loram,PHP,rlorams@mozilla.org
2010,Remote,Jennifer,Jeakins,Js,kjeakinsu@un.org
2010,Remote,Nicolas,Worsfield,PHP,cworsfieldv@dyndns.org
2017,Remote,Franck,Mendel,Python,lmendelw@canalblog.com
2016,Charbonnieres,Jean-loup,Langforth,Java,blangforthy@omniture.com
2021,Remote,Kinglsey,Vedntyev,PHP,dvedntyevz@abc.net.au
2019,Charbonnieres,Veronique,Sigge,Java,jsigge10@wsj.com
2013,Charbonnieres,Claude,Delacourt,PHP,jdelacourt14@google.ru
2015,Remote,Cedric,Spellman,Js,bspellman17@altervista.org
2017,Charbonnieres,Susy,Luc,PHP,bluc1a@freewebs.com
2009,Charbonnieres,Loic,Van Salzberger,Java,jvansalzberger1b@indiatimes.com
2008,Charbonnieres,Eric,Gowenlock,Java,jgowenlock1d@addtoany.com
2012,Charbonnieres,Mathieu,Tettersell,Python,stettersell1e@aol.com
2019,Charbonnieres,Alexandre,Southcoat,PHP,bsouthcoat1n@purevolume.com
2017,Remote,Catherine,Garrison,PHP,bgarrison1o@auda.org.au
2010,Charbonnieres,Sara,De Bernardis,Java,wdebernardis1t@thetimes.co.uk
2020,Remote,Kinglsey,Kelemen,Python,ckelemen1u@comsenz.com
2010,Charbonnieres,Franck,Pottes,Js,spottes1v@addthis.com
2021,Charbonnieres,Eric,De Wolfe,Java,adewolfe1w@youtube.com
2009,Remote,Mathieu,Leeke,Java,aleeke1x@usgs.gov
2021,Charbonnieres,Susy,Instock,PHP,rinstock1y@miitbeian.gov.cn
2018,Remote,Juliette,Blanchet,Java,bblanchet1z@europa.eu
2018,Remote,Veronique,Miners,Python,pminers20@oracle.com
2014,Remote,Adam,Iacobo,Python,miacobo21@nhs.uk
2010,Charbonnieres,Juliette,Sibbet,Java,esibbet26@gizmodo.com
2012,Charbonnieres,Mia,Fandrey,Java,afandrey29@spotify.com
2008,Remote,Aurelien,McCraine,Js,mmccraine2c@behance.net
2015,Remote,Jean-loup,Iltchev,Js,ailtchev2d@google.pl
2014,Charbonnieres,Michel,Cornelleau,Java,gcornelleau2e@surveymonkey.com
2021,Charbonnieres,Adrien,Dack,Java,cdack2g@google.com.au
2014,Charbonnieres,Dorsun,Tapley,Python,btapley2i@theglobeandmail.com
2017,Remote,Iliana,Schenkel,Js,mschenkel2j@patch.com
2017,Remote,Iliana,Algore,Python,ialgore2k@t-online.de
2020,Charbonnieres,Ali,Ohm,Js,rohm2m@apache.org
2008,Charbonnieres,Adam,Ginity,PHP,cginity2n@blogspot.com
2021,Charbonnieres,Dorsun,Ragles,PHP,rragles2o@ebay.com
2013,Remote,Adam,O'Hollegan,Java,kohollegan2q@163.com
2012,Charbonnieres,Kinglsey,Grundy,Python,agrundy2r@simplemachines.org
2009,Charbonnieres,Anna,Lockney,Java,klockney2w@mysql.com
2021,Remote,David,Dainter,Python,gdainter2x@amazonaws.com
2017,Charbonnieres,Karim,Berkeley,Java,lberkeley30@bbb.org
2013,Charbonnieres,Nicolas,Mapham,Java,tmapham35@ezinearticles.com
2011,Remote,Karim,Lindbergh,PHP,elindbergh36@admin.ch
2008,Charbonnieres,Adam,Henaughan,Python,shenaughan37@seesaa.net
2009,Charbonnieres,Jade,Skeldinge,PHP,eskeldinge39@disqus.com
2014,Charbonnieres,Aurelien,Tomson,PHP,btomson3a@mozilla.com
2021,Charbonnieres,Lena,Farish,PHP,efarish3d@hhs.gov
2018,Charbonnieres,Veronique,Morrel,Python,dmorrel3e@soundcloud.com
2011,Remote,Corentin,Lytton,PHP,elytton3f@netvibes.com
2015,Charbonnieres,Michel,Moran,PHP,amoran3h@posterous.com
2015,Remote,Michel,Walsham,Js,gwalsham3n@over-blog.com
2008,Remote,Lucas,Varty,Java,bvarty3q@sakura.ne.jp
2008,Remote,Alois,Szymonowicz,PHP,eszymonowicz3s@vk.com
2019,Charbonnieres,Catherine,Gantz,Java,bgantz3u@example.com
2014,Charbonnieres,Susy,Sargant,Java,lsargant3w@furl.net
2016,Remote,Iliana,Gores,Java,cgores3x@washingtonpost.com
2015,Charbonnieres,Mia,Woodwing,Js,swoodwing41@sitemeter.com
2018,Remote,Jean-loup,Perllman,Python,bperllman42@usda.gov
2014,Remote,Yoann,McRuvie,PHP,cmcruvie44@hubpages.com
2018,Remote,Mathieu,Chaise,Js,fchaise46@smugmug.com
2016,Charbonnieres,Alexandre,Adriano,PHP,nadriano49@flavors.me
2015,Remote,Michel,Sturch,Java,hsturch4d@cnn.com
2013,Charbonnieres,Cedric,Huckstepp,Java,mhuckstepp4h@chicagotribune.com
2017,Charbonnieres,Adrien,Oldroyde,PHP,foldroyde4i@trellian.com
2012,Charbonnieres,Aurelien,Stovell,Js,dstovell4k@wunderground.com
2009,Remote,Nicolas,McWard,Java,kmcward4l@163.com
2010,Remote,Adam,Gimber,Java,egimber4m@free.fr
2018,Charbonnieres,Alois,Bartak,Java,hbartak4n@trellian.com
2019,Remote,Melodie,Ebanks,PHP,rebanks4r@si.edu
2017,Remote,Jade,Furzey,Js,afurzey4s@issuu.com
2014,Remote,Iliana,Dyke,PHP,jdyke4w@unc.edu
2016,Charbonnieres,Melodie,Rebeiro,Js,rrebeiro4y@example.com
2008,Remote,Jennifer,Lewsam,PHP,klewsam52@geocities.com
2012,Charbonnieres,Mia,Meers,Python,pmeers57@latimes.com
2014,Remote,Corentin,Patrone,Java,ipatrone5b@hubpages.com
2021,Remote,Philippe,Thaxter,Js,ethaxter5e@yandex.ru
2008,Charbonnieres,Karim,Albisser,PHP,ralbisser5g@noaa.gov
2011,Charbonnieres,Loic,Brangan,Java,hbrangan5i@theguardian.com
2016,Remote,Anna,Simionescu,PHP,bsimionescu5j@csmonitor.com
2012,Charbonnieres,Lena,Smeall,PHP,asmeall5l@163.com
2017,Remote,Karim,Cleal,Js,kcleal5m@ifeng.com
2019,Remote,Loic,Sellen,Js,hsellen5p@imdb.com
2016,Charbonnieres,Dorsun,Burndred,Java,cburndred5t@skyrock.com
2013,Remote,Jennifer,Aiken,Python,caiken5u@facebook.com
2013,Remote,Aurelien,Almond,Js,talmond5w@mediafire.com
2019,Remote,Yoann,Moneti,Java,emoneti60@yellowbook.com
2012,Charbonnieres,Sara,Ghelerdini,PHP,cghelerdini62@cnn.com
2012,Remote,Ludwig,Caves,Java,acaves63@shinystat.com
2010,Remote,Ali,Dossett,PHP,adossett6c@samsung.com
2017,Charbonnieres,Ludwig,Elcombe,Python,melcombe6h@foxnews.com
2008,Remote,Corentin,Redgewell,Js,jredgewell6i@senate.gov
2008,Remote,Bilel,Mence,Java,hmence6l@elpais.com
2014,Remote,Melodie,Robertis,Js,irobertis6n@rediff.com
2014,Remote,Alice,Brayfield,PHP,obrayfield6p@flickr.com
2012,Charbonnieres,Jean-loup,Cron,Python,hcron6q@pbs.org
2018,Remote,Dorsun,Klulisek,PHP,tklulisek6t@icq.com
2008,Remote,Kais,Coats,Java,ycoats6x@is.gd
2017,Charbonnieres,Juliette,Roderighi,Python,iroderighi70@springer.com
2016,Remote,Philippe,Pardue,Js,gpardue71@plala.or.jp
2009,Remote,Susy,Meaney,PHP,lmeaney72@bizjournals.com
2010,Remote,Susy,Shellshear,PHP,rshellshear73@skype.com
2019,Charbonnieres,Alice,Teather,Java,mteather75@europa.eu
2009,Charbonnieres,Dorsun,Beavan,Js,abeavan76@flickr.com
2010,Charbonnieres,Juliette,Agdahl,Js,aagdahl7d@360.cn
2014,Charbonnieres,Anna,Kanzler,Python,gkanzler7f@is.gd
2013,Remote,Ludwig,Gush,PHP,ngush7g@51.la
2012,Charbonnieres,Eric,Petrulis,Js,ypetrulis7h@google.co.uk
2021,Charbonnieres,Eric,Pywell,Python,mpywell7l@discovery.com
2015,Charbonnieres,Alice,Locarno,Js,vlocarno7n@latimes.com
2018,Charbonnieres,Loic,Gilbert,Js,cgilbert7p@stanford.edu
2008,Charbonnieres,Alexandre,O'Doherty,PHP,codoherty7t@a8.net
2012,Charbonnieres,Jean-loup,Spinella,Python,kspinella7v@free.fr
2016,Remote,Lena,Wenn,Python,cwenn7x@php.net
2010,Charbonnieres,Adrien,Locke,Java,glocke7z@marketwatch.com
2019,Remote,Mia,Broady,Python,mbroady83@shop-pro.jp
2017,Remote,Matteo,Piscopo,PHP,fpiscopo84@shinystat.com
2008,Charbonnieres,Juliette,Ditchburn,PHP,fditchburn87@indiatimes.com
2011,Charbonnieres,Michel,Furniss,Js,tfurniss88@tinyurl.com
2009,Remote,Cedric,Kilroy,Js,kkilroy89@123-reg.co.uk
2012,Remote,Ludwig,Koopman,PHP,rkoopman8f@businessweek.com
2018,Charbonnieres,Loic,Cariss,Python,ccariss8h@patch.com
2016,Charbonnieres,Bilel,Maraga,PHP,smaraga8i@yolasite.com
2009,Charbonnieres,Iliana,Thring,PHP,mthring8o@columbia.edu
2011,Remote,Ali,Kinnett,Java,gkinnett8w@google.co.jp
2016,Charbonnieres,Kais,Bolsteridge,Js,sbolsteridge93@imgur.com
2009,Charbonnieres,Theo,Shubotham,Python,lshubotham95@gov.uk
2015,Charbonnieres,Nicolas,Rudsdale,Python,arudsdale96@webeden.co.uk
2012,Remote,Fazul,Volk,Js,bvolk97@comcast.net
2012,Charbonnieres,Catherine,Leipold,Js,rleipold98@forbes.com
2009,Charbonnieres,Dorsun,de Mullett,Python,edemullett9h@patch.com
2016,Charbonnieres,Ali,Bellefant,Js,mbellefant9i@fastcompany.com
2014,Remote,Nicolas,Bambrugh,Js,lbambrugh9j@comsenz.com
2017,Remote,Amanda,Artz,Java,rartz9n@ovh.net
2020,Charbonnieres,Melodie,Parram,Python,gparram9o@nifty.com
2011,Charbonnieres,Kinglsey,Wakelin,Java,cwakelin9r@globo.com
2018,Charbonnieres,Alois,Mion,Js,zmion9v@dell.com
2012,Remote,Dorsun,Sussems,Python,msussems9w@trellian.com
2020,Remote,David,Hymans,Java,mhymansa0@vkontakte.ru
2011,Remote,Loic,Jacson,Js,tjacsona4@people.com.cn
2010,Remote,Aurelien,Tebbett,PHP,ptebbetta8@go.com
2009,Charbonnieres,Jade,Lindenboim,PHP,nlindenboimaa@reuters.com
2019,Charbonnieres,Alexandre,Riggeard,Java,sriggeardag@usa.gov
2016,Charbonnieres,Dorsun,MacColm,Java,amaccolmah@prlog.org
2019,Remote,Theo,Lahy,Js,glahyaj@goo.gl
2011,Remote,Aurelien,Isaaksohn,PHP,tisaaksohnal@cdbaby.com
2018,Charbonnieres,Kais,Jerzyk,PHP,ajerzykan@google.it
2021,Charbonnieres,Alice,O'Corhane,PHP,focorhaneat@seesaa.net
2009,Remote,Alois,Winsper,Python,pwinsperax@usgs.gov
2016,Remote,Amanda,Menhenitt,PHP,rmenhenittay@twitpic.com
2014,Charbonnieres,Jennifer,Elgram,PHP,relgramb1@blogspot.com
2019,Charbonnieres,Tony,Edds,Js,aeddsb2@netvibes.com
2009,Remote,Franck,Fenny,PHP,gfennyb3@unc.edu
2015,Charbonnieres,Corentin,Joan,Java,ajoanb4@scientificamerican.com
2008,Remote,Tony,Gregoraci,Python,jgregoracib5@cam.ac.uk
2016,Charbonnieres,Bilel,Nunn,Python,gnunnb7@1688.com
2013,Charbonnieres,Alois,Filan,Java,gfilanb8@devhub.com
2013,Remote,Lucas,Gilbank,Python,cgilbankb9@state.tx.us
2014,Remote,Loic,Brodeau,Js,dbrodeaubb@canalblog.com
2008,Charbonnieres,Jean-loup,Howlin,Java,uhowlinbe@smh.com.au
2021,Remote,Tony,Danielovitch,Python,gdanielovitchbk@etsy.com
2013,Charbonnieres,Juliette,Loyd,Python,mloydbp@liveinternet.ru
2011,Remote,Ludwig,Matton,Js,cmattonbt@fema.gov
2014,Remote,Lena,Allabush,Java,rallabushbv@smh.com.au
2016,Charbonnieres,Adrien,Lattin,Python,jlattinby@about.me
2021,Remote,Matteo,Shillinglaw,PHP,bshillinglawbz@gmpg.org
2016,Remote,Jean-loup,Nesbit,Js,knesbitc1@google.co.jp
2019,Remote,Ludwig,Darbyshire,PHP,hdarbyshirec2@aol.com
2008,Charbonnieres,Theo,Cranney,Java,lcranneyc4@cdc.gov
2015,Remote,Ali,Gravells,Java,cgravellsc7@php.net
2020,Remote,Sara,Cuttles,Python,kcuttlesc8@yellowbook.com
2010,Remote,Michel,Lohering,PHP,kloheringc9@lulu.com
2020,Charbonnieres,Sara,Sibson,Js,msibsonca@shop-pro.jp
2014,Remote,Adam,Gethyn,PHP,agethyncb@msn.com
2021,Charbonnieres,Philippe,Stickings,PHP,bstickingscc@home.pl
2011,Remote,Loic,Pfleger,Java,ppflegerce@newyorker.com
2017,Charbonnieres,Amanda,Crommett,PHP,ncrommettcg@so-net.ne.jp
2019,Remote,Theo,Trase,Java,ftrasecn@cyberchimps.com
2013,Charbonnieres,Loic,Elgie,Js,zelgiecs@state.tx.us
2008,Remote,Mathieu,Feldklein,Js,sfeldkleinct@jigsy.com
2009,Remote,Claude,Gaitskill,Python,vgaitskillcv@youtu.be
2011,Charbonnieres,Adrien,Le Provost,PHP,nleprovostcy@msn.com
2021,Charbonnieres,Fazul,Harley,Js,eharleyd1@mediafire.com
2010,Remote,Jean-loup,Jekel,Js,cjekeld2@istockphoto.com
2018,Charbonnieres,Melodie,Timperley,Java,ktimperleyd3@acquirethisname.com
2014,Charbonnieres,Jennifer,Sapir,Java,csapird6@msn.com
2018,Charbonnieres,Ali,Aleksashin,Java,kaleksashind9@kickstarter.com
2020,Charbonnieres,Lena,Clewarth,Js,gclewarthda@feedburner.com
2021,Remote,Juliette,Easbie,PHP,eeasbiedc@slideshare.net
2011,Remote,Loic,Mc Ilory,Js,bmcilorydi@oakley.com
2009,Charbonnieres,Loic,Swinburn,Js,cswinburndj@dell.com
2009,Remote,Alexandre,Bonafant,Js,bbonafantdk@cbc.ca
2011,Remote,Bilel,Rubinlicht,Js,rrubinlichtdl@newsvine.com
2020,Charbonnieres,Claude,Zumbusch,Java,czumbuschdp@bloomberg.com
2011,Remote,Philippe,Olyff,Python,solyffdt@newyorker.com
2016,Charbonnieres,Alice,Brumfitt,Python,gbrumfittdu@nps.gov
2008,Remote,Melodie,Roycroft,Js,aroycroftdw@independent.co.uk
2009,Remote,Juliette,Saldler,PHP,bsaldlere1@gravatar.com
2017,Remote,Amanda,Ovitz,PHP,eovitze2@drupal.org
2012,Charbonnieres,Lena,Kynson,Python,ekynsone5@ed.gov
2013,Charbonnieres,Susy,O'Logan,Python,kologane9@dion.ne.jp
2008,Charbonnieres,Lena,Gipps,Java,dgippsed@i2i.jp
2010,Charbonnieres,Alexandre,McCorkell,PHP,bmccorkellee@virginia.edu
2013,Charbonnieres,Sara,Jeaves,PHP,fjeavesej@1688.com
2010,Remote,Susy,Ashbolt,PHP,nashboltep@nps.gov
2011,Charbonnieres,Eric,Polo,Js,cpoloet@ca.gov
2009,Charbonnieres,Mathieu,Aujouanet,Python,raujouanetez@washingtonpost.com
2017,Remote,Sara,Alcott,PHP,aalcottf0@sakura.ne.jp
2012,Remote,Claude,Kellie,Python,lkellief2@gmpg.org
2011,Charbonnieres,Anna,Youngs,Java,ayoungsf3@about.me
2017,Charbonnieres,Jean-loup,Wickins,Python,swickinsf4@intel.com
2010,Remote,Adam,Meineck,Js,gmeineckf6@wix.com
2009,Charbonnieres,Claude,Kite,Java,lkitef7@sogou.com
2009,Remote,Veronique,Lucia,PHP,cluciafa@ezinearticles.com
2020,Remote,Aurelien,Conquest,Js,sconquestfe@digg.com
2016,Remote,Nicolas,Birchill,PHP,dbirchillff@typepad.com
2020,Charbonnieres,Iliana,Keelan,Java,akeelanfi@dmoz.org
2017,Remote,Sara,Coulsen,PHP,ncoulsenfm@prnewswire.com
2020,Remote,Kinglsey,O' Mullane,Python,lomullanefn@tamu.edu
2014,Charbonnieres,Corentin,Deal,Java,pdealfp@wp.com
2009,Remote,Maude,Luttgert,Js,mluttgertfr@yolasite.com
2009,Remote,Anna,McPartling,Python,gmcpartlingfs@canalblog.com
2009,Charbonnieres,David,Gerardin,Python,sgerardinfu@thetimes.co.uk
2017,Charbonnieres,Tony,Ivers,PHP,oiversfv@trellian.com
2017,Remote,Catherine,Burdis,Js,nburdisfw@economist.com
2012,Charbonnieres,Jean-loup,Blasgen,PHP,gblasgenfy@simplemachines.org
2017,Charbonnieres,Maude,Bucher,Js,lbucherg2@mit.edu
2019,Remote,Cedric,Drain,Js,jdraing3@mashable.com
2017,Charbonnieres,Cedric,Royall,Python,croyallg8@columbia.edu
2013,Remote,Ali,Snugg,Java,msnugggb@zdnet.com
2008,Charbonnieres,Susy,Insoll,Python,pinsollgc@pen.io
2013,Remote,Jean-loup,Werndly,Python,ewerndlygd@wikia.com
2012,Remote,Adrien,Woodward,Java,nwoodwardgf@ucoz.ru
2021,Charbonnieres,Ludwig,Sommerled,PHP,tsommerledgl@usa.gov
2014,Charbonnieres,Corentin,Hackley,Java,mhackleygp@techcrunch.com
2011,Remote,Dorsun,Deyes,Java,bdeyesgq@bloomberg.com
2008,Charbonnieres,Fazul,Raxworthy,PHP,araxworthygt@go.com
2014,Remote,Bilel,Brackstone,Js,nbrackstonegu@fema.gov
2009,Remote,Cedric,Ilymanov,Js,dilymanovgy@geocities.jp
2020,Remote,Alexandre,Jarvie,PHP,hjarviegz@friendfeed.com
2019,Remote,Philippe,Chappelle,Java,jchappelleh0@nasa.gov
2013,Charbonnieres,Kinglsey,Ingledew,Java,tingledewh1@canalblog.com
2021,Remote,Matteo,Bracco,PHP,vbraccoh5@msu.edu
2020,Remote,Philippe,Milbank,Python,amilbankhe@walmart.com
2018,Charbonnieres,Michel,McDonald,Java,lmcdonaldhh@mlb.com
2011,Remote,Alois,Reisenstein,Python,areisensteinhm@nih.gov
2012,Remote,Fazul,Dillway,Python,gdillwayhp@webmd.com
2008,Remote,Alois,Cottrell,PHP,scottrellhq@hp.com
2010,Remote,Catherine,Mayoral,Python,mmayoralht@telegraph.co.uk
2017,Charbonnieres,Nicolas,Leger,Python,clegerhv@bluehost.com
2016,Remote,Corentin,Holtum,Java,bholtumhw@networksolutions.com
2008,Charbonnieres,Kais,Goldman,Java,ggoldmanhx@is.gd
2017,Remote,Eric,Burchill,Java,aburchillhz@zimbio.com
2016,Charbonnieres,Dorsun,Robers,Java,brobersi1@earthlink.net
2011,Remote,Nicolas,Lias,Python,eliasi5@washingtonpost.com
2018,Charbonnieres,Nicolas,Dmych,Python,hdmychi6@t.co
2017,Remote,Kais,Linch,Java,dlinchi7@hp.com
2012,Charbonnieres,Juliette,Linsley,Python,slinsleyia@dyndns.org
2012,Remote,Franck,Pittam,Python,ppittamib@altervista.org
2008,Charbonnieres,Dorsun,Ambrosoni,PHP,kambrosoniid@github.io
2015,Remote,Yoann,Vaszoly,Js,kvaszolyie@omniture.com
2011,Remote,Anna,Ventom,Js,nventomif@dailymail.co.uk
2008,Charbonnieres,Nicolas,Slite,Python,msliteio@icq.com
2010,Charbonnieres,Cedric,Burling,Python,kburlingis@slate.com
2019,Remote,Philippe,Lemary,Python,clemaryit@com.com
2016,Charbonnieres,Juliette,Hurdle,Java,ahurdleiv@narod.ru
2017,Charbonnieres,Catherine,Mulvenna,Java,jmulvennaiw@techcrunch.com
2012,Charbonnieres,Fazul,Guisby,Python,aguisbyiz@eventbrite.com
2008,Remote,Lucas,Pringell,PHP,mpringellj0@chron.com
2010,Remote,Kinglsey,Billes,PHP,wbillesj1@sakura.ne.jp
2015,Charbonnieres,Jade,Graine,Js,bgrainej2@yolasite.com
2010,Charbonnieres,Catherine,McFetridge,Js,lmcfetridgej7@prlog.org
2020,Remote,Bilel,Terrett,Java,eterrettj9@xinhuanet.com
2016,Charbonnieres,Lena,MacKinnon,Js,kmackinnonjb@topsy.com
2016,Charbonnieres,Cedric,Haverty,Js,khavertyje@facebook.com
2021,Remote,Anna,Andover,Js,landoverji@gmpg.org
2008,Remote,Michel,Maccraw,Java,fmaccrawjk@tiny.cc
2014,Remote,Claude,Southouse,PHP,psouthousejl@about.com
2011,Charbonnieres,Sara,Hearty,PHP,vheartyjm@sakura.ne.jp
2018,Remote,Mathieu,Benedek,PHP,rbenedekjn@hp.com
2020,Remote,Aurelien,Lehrer,Java,flehrerjp@sakura.ne.jp
2016,Charbonnieres,Amanda,Kinnach,Js,bkinnachjs@upenn.edu
2009,Remote,Nicolas,Rawsthorn,Java,orawsthornjt@mit.edu
2011,Charbonnieres,Anna,Witnall,Java,cwitnallju@ibm.com
2014,Charbonnieres,Michel,Siney,Python,gsineyjw@irs.gov
2010,Charbonnieres,Philippe,Capps,PHP,kcappsjx@macromedia.com
2015,Charbonnieres,Alexandre,Sweed,Python,fsweedjz@scribd.com
2017,Charbonnieres,Eric,Gorler,PHP,jgorlerk1@kickstarter.com
2010,Remote,Ali,Shimony,Js,wshimonyk2@theglobeandmail.com
2008,Remote,Corentin,Perch,Java,nperchk6@blog.com
2018,Charbonnieres,Alice,MacAvaddy,Js,tmacavaddyk7@gravatar.com
2021,Remote,Adrien,Armand,PHP,iarmandk9@fc2.com
2012,Charbonnieres,Jean-loup,Tolomelli,Python,btolomellikb@oracle.com
2017,Charbonnieres,Jean-loup,Borsnall,Python,eborsnallkc@blinklist.com
2017,Remote,Alois,Godlip,Java,dgodlipke@paypal.com
2015,Remote,Alexandre,Aloshikin,Python,saloshikinkf@weibo.com
2017,Charbonnieres,Tony,Cowp,Js,jcowpkh@soup.io
2010,Charbonnieres,Alexandre,Sarsfield,Js,bsarsfieldki@dailymail.co.uk
2008,Remote,Jean-loup,Tolland,Js,mtollandkn@ucsd.edu
2017,Charbonnieres,Susy,Somerscales,Js,tsomerscalesks@senate.gov
2010,Charbonnieres,Kinglsey,Bolletti,Java,ibollettikt@usatoday.com
2010,Charbonnieres,Alexandre,Corstan,Js,mcorstanky@statcounter.com
2013,Charbonnieres,Juliette,Bacup,PHP,abacupl0@businesswire.com
2016,Remote,Sara,Goldes,Java,agoldesl5@fda.gov
2009,Remote,David,Queenborough,PHP,rqueenboroughl6@123-reg.co.uk
2017,Charbonnieres,Alois,Strivens,Js,sstrivensl8@omniture.com
2008,Charbonnieres,Mathieu,Million,Java,bmillionl9@amazon.co.uk
2014,Remote,Jennifer,Orchard,PHP,eorchardlb@theguardian.com
2013,Charbonnieres,David,Cotter,Js,dcotterld@squidoo.com
2021,Remote,Alexandre,Courtenay,PHP,rcourtenaylg@domainmarket.com
2021,Charbonnieres,Eric,Edwicke,Python,sedwickeli@altervista.org
2019,Remote,Claude,Mendus,Java,mmendusln@ebay.com
2018,Remote,Kais,Ecclestone,Js,kecclestonelo@163.com
2010,Remote,Loic,Boone,Js,hboonelt@virginia.edu
2015,Charbonnieres,Jade,Garie,PHP,sgarielv@sourceforge.net
2020,Remote,Maude,Extall,Java,mextallly@tmall.com
2015,Charbonnieres,Claude,Devitt,Js,edevittlz@liveinternet.ru
2013,Remote,Franck,Bucher,Java,ubucherm0@state.gov
2019,Charbonnieres,Melodie,Conerding,Java,iconerdingm2@goodreads.com
2011,Charbonnieres,Alois,Olsson,Js,molssonm5@ask.com
2016,Remote,Susy,Winridge,PHP,awinridgem6@bigcartel.com
2020,Charbonnieres,Adam,Fairall,PHP,ffairallm7@walmart.com
2016,Remote,Juliette,Larn,Js,mlarnm8@woothemes.com
2018,Remote,Franck,Pickover,Python,dpickoverma@1688.com
2015,Remote,Loic,Ruecastle,Java,pruecastlemc@ft.com
2012,Charbonnieres,Lena,Frood,Python,bfroodmg@archive.org
2020,Remote,Sara,Serridge,PHP,aserridgemi@dailymotion.com
2017,Remote,Jennifer,Laurentino,Python,hlaurentinomj@ocn.ne.jp
2014,Remote,Cedric,Bumpas,Js,cbumpasml@seesaa.net
2008,Charbonnieres,Jade,Blanchard,Python,mblanchardmn@aboutads.info
2010,Remote,Veronique,Gorst,Java,rgorstmp@e-recht24.de
2013,Charbonnieres,Ali,Alen,Python,salenmt@ycombinator.com
2016,Charbonnieres,David,Willbourne,PHP,cwillbournemu@1688.com
2017,Charbonnieres,Claude,Cherm,Js,rchermmv@flickr.com
2015,Remote,Mathieu,Eingerfield,PHP,keingerfieldmx@eepurl.com
2020,Remote,Bilel,Gwillym,Js,bgwillymmy@census.gov
2014,Charbonnieres,Jean-loup,Lebreton,Java,plebretonmz@shareasale.com
2014,Charbonnieres,Corentin,Nolli,Java,pnollin1@bluehost.com
2020,Charbonnieres,Adam,Fortesquieu,PHP,tfortesquieun2@webs.com
2021,Charbonnieres,Maude,Paolicchi,Java,tpaolicchin8@people.com.cn
2008,Charbonnieres,Alexandre,Marflitt,Python,pmarflittn9@yellowbook.com
2018,Charbonnieres,Eric,Gerrelts,Python,cgerreltsnb@ucoz.com
2015,Remote,Mathieu,Scriven,Js,kscrivenni@free.fr
2017,Remote,Melodie,Borth,Python,gborthnj@theatlantic.com
2018,Remote,Dorsun,Rogge,Java,lroggeno@patch.com
2009,Charbonnieres,Ali,Newham,Python,knewhamnw@yolasite.com
2020,Remote,Amanda,Sherringham,PHP,tsherringhamnx@nydailynews.com
2010,Charbonnieres,Bilel,Holtum,Java,aholtumny@ehow.com
2015,Charbonnieres,Dorsun,Fredson,Js,tfredsonnz@macromedia.com
2021,Charbonnieres,Mia,Craufurd,Java,dcraufurdo0@ed.gov
2009,Charbonnieres,Kais,Pratt,PHP,dpratto1@gizmodo.com
2019,Remote,Lena,Kings,PHP,kkingso2@posterous.com
2010,Charbonnieres,Adrien,Corbet,Python,bcorbeto4@cbsnews.com
2010,Remote,Claude,Wisson,Java,dwissono5@wufoo.com
2016,Charbonnieres,Tony,Sinnett,Java,usinnetto6@un.org
2014,Remote,Franck,Eriksson,PHP,merikssono8@craigslist.org
2015,Charbonnieres,Veronique,Lillistone,Python,glillistoneob@irs.gov
2021,Charbonnieres,Juliette,Cain,PHP,rcainoc@reddit.com
2017,Charbonnieres,Jean-loup,Turrell,Java,mturrellod@ovh.net
2021,Charbonnieres,David,Brosio,Python,lbrosioog@google.co.uk
2012,Remote,Maude,Dewerson,PHP,cdewersonoh@geocities.jp
2019,Remote,Matteo,Watkiss,PHP,wwatkissol@ed.gov
2021,Charbonnieres,Alexandre,Leon,Js,fleonom@vinaora.com
2012,Remote,Veronique,Fulmen,Js,afulmenoq@imdb.com
2018,Charbonnieres,Alois,Bezemer,PHP,dbezemeror@amazon.de
2016,Remote,Alois,Sussans,PHP,hsussansot@surveymonkey.com
2019,Charbonnieres,Adam,Dorre,Js,sdorreox@disqus.com
2021,Charbonnieres,Karim,Gravener,PHP,bgravenerp7@quantcast.com
2013,Charbonnieres,Jean-loup,Fibbit,PHP,lfibbitp9@comsenz.com
2019,Charbonnieres,Adam,Craw,Python,kcrawpa@salon.com
2016,Remote,Corentin,Steers,Js,asteerspc@home.pl
2014,Remote,Catherine,Riddiford,PHP,eriddifordpk@toplist.cz
2009,Charbonnieres,Mia,Huc,Js,fhucpl@mac.com
2009,Remote,Mia,Denne,Js,adennepm@phpbb.com
2017,Remote,Veronique,Attwooll,PHP,uattwoollpq@youku.com
2016,Charbonnieres,Mia,Weerdenburg,Js,aweerdenburgpr@slideshare.net
2015,Remote,Amanda,Fullager,Js,kfullagerpv@mysql.com
2015,Remote,Veronique,Boller,Js,sbollerpx@hibu.com
2014,Charbonnieres,Alexandre,Pattle,Java,ypattleq0@walmart.com
2021,Remote,Michel,Blow,Js,bblowq1@fc2.com
2018,Charbonnieres,Mathieu,Pinckney,Js,spinckneyq9@moonfruit.com
2009,Charbonnieres,Adrien,Baversor,Js,lbaversorqb@mozilla.org
2010,Remote,Kinglsey,Bembridge,PHP,jbembridgeqc@paypal.com
2018,Charbonnieres,Catherine,Alston,Js,ealstonqg@symantec.com
2020,Charbonnieres,Philippe,Duell,Js,lduellqi@icq.com
2015,Remote,Melodie,Cutchie,Java,lcutchieqj@icio.us
2012,Charbonnieres,Lucas,Sleaford,Python,jsleafordqn@washingtonpost.com
2010,Charbonnieres,Jennifer,Roughey,PHP,rrougheyqo@myspace.com
2016,Remote,Mia,Nears,Java,mnearsqp@reddit.com
2017,Charbonnieres,Lena,Romer,Python,bromerqr@mail.ru
2015,Remote,Amanda,Durrett,Python,bdurrettqt@nationalgeographic.com
2009,Remote,Lena,Shower,Js,bshowerqy@photobucket.com
2019,Remote,Lena,Avesque,PHP,wavesqueqz@guardian.co.uk
2008,Remote,Kais,Walliker,Js,twallikerr0@edublogs.org
2020,Remote,Juliette,Waszkiewicz,PHP,jwaszkiewiczr1@spiegel.de
2019,Remote,David,Urwin,Java,burwinr5@netvibes.com
2011,Charbonnieres,Iliana,Gadaud,Java,igadaudr6@github.com
2020,Remote,Kinglsey,Milkin,PHP,hmilkinra@qq.com
2018,Charbonnieres,Mathieu,Preddy,Java,tpreddyrc@oaic.gov.au
2015,Charbonnieres,Michel,Bellefonte,PHP,mbellefontere@yahoo.com
2014,Remote,Jade,Andre,PHP,randrerf@examiner.com
2019,Remote,Adam,Bedberry,Js,abedberryrj@zimbio.com
2010,Remote,Melodie,Stukings,Js,wstukingsrl@virginia.edu
2017,Remote,Tony,Abrahamsen,Js,habrahamsenrm@slashdot.org
2010,Charbonnieres,Loic,Readman,Java,freadmanro@posterous.com
2017,Remote,Jennifer,Adrian,Python,aadrianrr@skype.com
