2008,Gex,Ludwig,Moss,Python,cmoss0@shareasale.com
2021,Gex,Jade,Booth-Jarvis,Java,vboothjarvis2@yale.edu
2009,Gex,David,Matteau,PHP,dmatteauf@ifeng.com
2008,Gex,David,Kolin,Java,ckolinh@boston.com
2020,Gex,Amanda,Bediss,PHP,rbediss11@tumblr.com
2018,Gex,Adam,Jeays,Python,hjeays16@craigslist.org
2018,Gex,Loic,Etienne,Python,ketienne1j@shinystat.com
2018,Gex,Jean-loup,Parcall,Js,wparcall1k@nhs.uk
2021,Gex,Claude,Eouzan,Python,meouzan1l@hugedomains.com
2008,Gex,Karim,Sinnat,PHP,dsinnat1p@nydailynews.com
2008,Gex,Philippe,Dryburgh,Java,ndryburgh1s@biglobe.ne.jp
2020,Gex,Ludwig,Huffadine,Java,rhuffadine27@dion.ne.jp
2013,Gex,Aurelien,Preskett,PHP,rpreskett28@de.vu
2021,Gex,Dorsun,Mechem,Java,dmechem2p@wunderground.com
2020,Gex,Juliette,Dodgson,PHP,vdodgson2t@paginegialle.it
2009,Gex,Tony,Scotter,Js,rscotter31@cmu.edu
2020,Gex,Yoann,Leaton,Java,kleaton32@economist.com
2010,Gex,Claude,Stadding,Java,astadding38@printfriendly.com
2011,Gex,Eric,Glozman,PHP,hglozman3b@jugem.jp
2015,Gex,Anna,Matissoff,Js,lmatissoff3c@digg.com
2015,Gex,Bilel,Jagson,Python,hjagson3l@wikipedia.org
2011,Gex,Theo,Blankley,Python,gblankley3m@sbwire.com
2020,Gex,Jean-loup,Macak,Java,amacak3o@ucla.edu
2016,Gex,Eric,Mizzen,PHP,bmizzen3p@simplemachines.org
2012,Gex,Lucas,Colaton,PHP,dcolaton3y@forbes.com
2014,Gex,Bilel,Louys,Java,llouys40@tinyurl.com
2017,Gex,Corentin,Routhorn,Python,brouthorn43@noaa.gov
2010,Gex,Fazul,Enrique,Java,lenrique47@dailymail.co.uk
2016,Gex,Dorsun,Cream,Python,lcream48@istockphoto.com
2017,Gex,Karim,Morford,Java,cmorford4b@nyu.edu
2021,Gex,Catherine,Culver,PHP,gculver4c@nhs.uk
2014,Gex,Lena,Esmonde,Python,pesmonde4e@ycombinator.com
2019,Gex,Adrien,Doneld,PHP,adoneld4z@psu.edu
2012,Gex,Jade,Ivashnyov,Js,jivashnyov51@vkontakte.ru
2009,Gex,Bilel,Tirrey,PHP,htirrey54@pinterest.com
2019,Gex,Susy,Pridmore,Python,ppridmore55@gravatar.com
2009,Gex,Jade,Hurton,Python,ahurton5a@seesaa.net
2014,Gex,Lucas,Baggallay,Js,abaggallay5o@pinterest.com
2015,Gex,Claude,Delgado,Java,hdelgado5r@123-reg.co.uk
2018,Gex,Tony,McCague,PHP,jmccague5v@state.gov
2021,Gex,Matteo,Turpin,Python,sturpin5y@tinypic.com
2016,Gex,Bilel,Bracer,Java,cbracer65@hc360.com
2016,Gex,Franck,Charlon,Python,zcharlon68@barnesandnoble.com
2009,Gex,Claude,Strowan,Js,jstrowan6d@gizmodo.com
2017,Gex,Adam,Burndred,PHP,jburndred6g@addthis.com
2009,Gex,Yoann,McIlmorie,Js,mmcilmorie6m@networksolutions.com
2008,Gex,Claude,Brightey,Java,gbrightey6r@infoseek.co.jp
2012,Gex,Ali,Raulston,Java,craulston6s@howstuffworks.com
2021,Gex,Jade,Parlet,Js,tparlet6y@ox.ac.uk
2014,Gex,Kais,Creeboe,PHP,ecreeboe78@barnesandnoble.com
2019,Gex,Sara,Beaconsall,Js,rbeaconsall79@indiegogo.com
2020,Gex,Karim,Treacher,PHP,atreacher7a@vimeo.com
2014,Gex,Alois,Rosenauer,Java,jrosenauer7c@blog.com
2021,Gex,Aurelien,Arthurs,PHP,aarthurs7i@youtu.be
2016,Gex,Aurelien,Marginson,Java,smarginson7q@seattletimes.com
2021,Gex,Jennifer,Bisiker,Python,ebisiker7r@webs.com
2010,Gex,Veronique,Kadwallider,Python,skadwallider86@seesaa.net
2010,Gex,Adrien,Hardaker,Java,dhardaker8l@usda.gov
2016,Gex,Mia,Iddon,PHP,liddon8n@furl.net
2019,Gex,Mia,Dunn,PHP,ddunn8p@exblog.jp
2015,Gex,Kais,Tole,Js,ctole8q@xing.com
2020,Gex,Franck,Gander,Java,jgander8r@360.cn
2018,Gex,Alexandre,Stittle,PHP,rstittle8u@ezinearticles.com
2010,Gex,Kais,Perrottet,Python,dperrottet8x@meetup.com
2016,Gex,Eric,Hadleigh,Python,chadleigh8z@bizjournals.com
2011,Gex,Theo,Mercik,Python,rmercik91@mit.edu
2018,Gex,Mia,Ludford,Js,mludford9d@bluehost.com
2021,Gex,Melodie,Bukac,Java,jbukac9e@booking.com
2018,Gex,Aurelien,Fruchon,Js,dfruchon9g@twitter.com
2012,Gex,Iliana,Hubble,Java,dhubble9m@opensource.org
2018,Gex,Lucas,Puckett,Js,apucketta2@seattletimes.com
2009,Gex,Jennifer,Brindle,Python,mbrindlea6@fotki.com
2013,Gex,Lena,Dwane,Python,mdwaneai@mysql.com
2015,Gex,Susy,Birrell,Python,kbirrellaq@paypal.com
2009,Gex,Loic,Dunseith,Js,gdunseithas@artisteer.com
2008,Gex,Juliette,Skitch,Js,askitchaw@va.gov
2020,Gex,Mathieu,Netley,Python,jnetleyb6@themeforest.net
2021,Gex,Kais,Torvey,Js,htorveybd@taobao.com
2011,Gex,Kinglsey,Wyld,Java,nwyldbf@dedecms.com
2009,Gex,Bilel,Seadon,Python,bseadonbg@sciencedaily.com
2012,Gex,Adrien,Hessing,Java,bhessingbl@youku.com
2013,Gex,Yoann,Gutowski,PHP,agutowskibm@pen.io
2015,Gex,Catherine,Littleover,Js,mlittleoverbq@loc.gov
2020,Gex,Dorsun,Walley,Js,ewalleybr@bloglines.com
2020,Gex,Karim,Manns,Python,mmannsbu@newsvine.com
2019,Gex,Bilel,Impy,PHP,mimpybx@google.co.uk
2013,Gex,Eric,Pakes,Java,apakesci@salon.com
2019,Gex,Jean-loup,Souster,PHP,lsoustercj@army.mil
2010,Gex,Dorsun,Soal,Js,gsoalcl@issuu.com
2009,Gex,Maude,Tidcombe,Js,ktidcombedb@toplist.cz
2010,Gex,Cedric,Fearnsides,Js,cfearnsidesdd@samsung.com
2008,Gex,Yoann,Kubista,PHP,skubistadf@imageshack.us
2008,Gex,Susy,Crecy,PHP,rcrecyds@archive.org
2012,Gex,Catherine,Tibald,Java,atibalddx@google.cn
2008,Gex,Lena,Brownjohn,Js,pbrownjohndy@oakley.com
2021,Gex,Maude,L'oiseau,Js,cloiseaue3@creativecommons.org
2011,Gex,Ali,MacVicar,Js,cmacvicare7@is.gd
2015,Gex,Adam,Ivanchenkov,PHP,tivanchenkoveb@cpanel.net
2020,Gex,Alexandre,Tweedy,Js,stweedyec@state.tx.us
2015,Gex,Ludwig,Perceval,Js,lpercevalef@vimeo.com
2013,Gex,Mathieu,Vasyunin,Java,gvasyuninei@lulu.com
2017,Gex,Veronique,Steffens,Java,psteffensek@taobao.com
2014,Gex,Franck,Marryatt,Python,jmarryatteo@state.tx.us
2008,Gex,Adrien,Kerner,PHP,ckernereu@g.co
2012,Gex,Maude,Ricardin,Js,sricardinf5@dagondesign.com
2016,Gex,Juliette,Millard,PHP,nmillardf9@privacy.gov.au
2008,Gex,Iliana,Grolle,Python,bgrollefc@printfriendly.com
2017,Gex,Eric,Jeary,PHP,ajearyfh@opensource.org
2010,Gex,Alice,Coche,Java,bcochefk@engadget.com
2016,Gex,Lena,Wilne,Python,mwilneft@rediff.com
2013,Gex,David,Luety,Js,mluetyg4@google.com.au
2015,Gex,Cedric,O'Connolly,Java,koconnollyg7@vkontakte.ru
2014,Gex,Cedric,Pickrell,Js,gpickrellgi@slashdot.org
2014,Gex,Nicolas,Mulchrone,Java,lmulchronegn@squidoo.com
2017,Gex,Yoann,Gaymar,PHP,qgaymargo@telegraph.co.uk
2014,Gex,Fazul,Deeman,PHP,vdeemangx@desdev.cn
2014,Gex,Anna,Alves,Java,malvesh2@latimes.com
2012,Gex,Karim,Eagles,Python,aeaglesh8@vk.com
2015,Gex,Lucas,Snartt,Python,rsnartth9@chronoengine.com
2017,Gex,Mathieu,Stanway,Js,vstanwayhc@typepad.com
2016,Gex,Lena,Crimmins,Python,acrimminshd@devhub.com
2012,Gex,Lucas,Maw,PHP,jmawhk@zdnet.com
2012,Gex,Mia,Gritsunov,PHP,rgritsunovhs@uol.com.br
2017,Gex,Sara,Sheals,Java,vshealshy@xrea.com
2012,Gex,Adrien,Lansley,PHP,clansleyi0@wired.com
2016,Gex,Lena,Syne,Js,asynei2@naver.com
2009,Gex,Adam,Verity,Python,bverityi4@nytimes.com
2020,Gex,Nicolas,Mattinson,Java,bmattinsoni8@google.co.jp
2017,Gex,Anna,Rolfo,Java,vrolfoih@fema.gov
2013,Gex,Amanda,McKall,Python,mmckallii@google.es
2015,Gex,Iliana,Back,Js,vbackir@zdnet.com
2019,Gex,Adrien,Riddoch,PHP,lriddochix@independent.co.uk
2019,Gex,Claude,Hamner,PHP,khamnerj4@china.com.cn
2016,Gex,Iliana,Palfrie,Js,cpalfriej5@youtube.com
2012,Gex,Alois,Pavey,Python,apaveyj8@geocities.jp
2016,Gex,Maude,Welburn,Java,awelburnjc@yandex.ru
2020,Gex,Sara,Beedle,Java,sbeedlejd@spiegel.de
2013,Gex,Anna,Pennicard,Js,gpennicardjh@columbia.edu
2017,Gex,Michel,Wiltshier,Js,lwiltshierjo@phoca.cz
2015,Gex,Iliana,Esson,Js,nessonjq@cdbaby.com
2008,Gex,Lena,Feaster,Js,lfeasterjr@elpais.com
2015,Gex,Theo,Schinetti,Js,lschinettijy@fastcompany.com
2015,Gex,Ali,Littlemore,Js,plittlemorek5@google.com.au
2010,Gex,Veronique,Mendonca,Java,bmendoncakl@meetup.com
2018,Gex,Ali,Mainston,Java,dmainstonkp@digg.com
2008,Gex,Fazul,Copper,Js,kcopperkx@topsy.com
2017,Gex,Lena,Oxx,Js,aoxxl4@hhs.gov
2018,Gex,Philippe,Upfold,PHP,hupfoldlh@ftc.gov
2021,Gex,Lucas,Keele,Java,tkeelelk@soundcloud.com
2012,Gex,Lena,Huxter,Python,vhuxterll@europa.eu
2009,Gex,Veronique,Crich,Js,kcrichlr@ft.com
2009,Gex,Claude,Tschirschky,Python,rtschirschkylu@skype.com
2015,Gex,Adam,Finlater,Python,sfinlaterlx@zimbio.com
2018,Gex,Mathieu,Gasgarth,Python,egasgarthm3@is.gd
2012,Gex,Anna,Kelcey,PHP,akelceymf@illinois.edu
2009,Gex,Tony,Huetson,PHP,rhuetsonmo@kickstarter.com
2017,Gex,Theo,Mosey,Python,amoseymw@digg.com
2013,Gex,Kinglsey,Stebbin,PHP,gstebbinn0@opera.com
2021,Gex,Theo,Coetzee,PHP,rcoetzeen6@simplemachines.org
2008,Gex,Kinglsey,Mathevet,Js,kmathevetn7@hp.com
2017,Gex,Amanda,Jori,Python,djorind@chicagotribune.com
2008,Gex,Fazul,Naris,Js,mnarisnf@artisteer.com
2013,Gex,Mia,Oakman,Python,coakmannh@reddit.com
2014,Gex,Loic,Liverseege,Java,sliverseegenl@ca.gov
2018,Gex,Ludwig,De Ruggiero,Python,gderuggieronm@g.co
2021,Gex,Tony,Hughland,PHP,lhughlandnq@pcworld.com
2012,Gex,Susy,Lowings,Java,elowingsnv@ezinearticles.com
2015,Gex,David,Stubbings,PHP,rstubbingso7@friendfeed.com
2009,Gex,Loic,Warbrick,Java,awarbrickoa@sbwire.com
2017,Gex,Claude,Norrington,Python,snorringtonoj@bing.com
2008,Gex,Adam,Jevon,PHP,cjevonok@berkeley.edu
2019,Gex,Aurelien,Camerello,Python,dcamerellooo@diigo.com
2021,Gex,Jennifer,Sapsforde,Java,ssapsfordeop@xing.com
2012,Gex,Cedric,Bubbings,Java,pbubbingsow@arizona.edu
2016,Gex,Lucas,D'Antuoni,Java,ndantuonip4@wp.com
2017,Gex,Tony,Delmage,Python,wdelmagepd@furl.net
2011,Gex,Theo,Gillbee,PHP,egillbeepf@archive.org
2018,Gex,Anna,Georgeau,Java,sgeorgeaupg@4shared.com
2019,Gex,Eric,Larose,Python,mlarosepi@w3.org
2017,Gex,Bilel,Bleakman,Java,ableakmanpj@xing.com
2010,Gex,Michel,Udell,Python,mudellpn@cmu.edu
2009,Gex,Tony,Downer,PHP,cdownerpp@imageshack.us
2008,Gex,Corentin,McGaugan,PHP,tmcgauganps@sciencedaily.com
2011,Gex,Jennifer,Bagnell,Js,abagnellpt@w3.org
2017,Gex,Sara,Goeff,PHP,dgoeffq4@huffingtonpost.com
2013,Gex,Matteo,Samsonsen,Js,ssamsonsenq6@free.fr
2015,Gex,Philippe,Baxill,Js,abaxillq7@economist.com
2009,Gex,Melodie,Kubanek,Js,fkubanekqa@unesco.org
2019,Gex,Michel,Hatry,Java,ehatryqd@xing.com
2015,Gex,Iliana,Giffon,PHP,dgiffonql@usatoday.com
2008,Gex,Lucas,Block,Python,jblockqw@fda.gov
2013,Gex,Anna,Cadd,Js,gcaddr7@angelfire.com
2021,Gex,Alois,Lampart,PHP,klampartr8@blinklist.com
2016,Gex,Cedric,Olland,Python,follandrd@twitpic.com
2012,Gex,Loic,Aldie,Java,laldierk@aol.com
2013,Gex,Maude,Henfre,Python,mhenfrern@exblog.jp
